seed,dataset,operand_bits,arithmetic,family,prime,places,modulus,rns_moduli,modulus_entropy_bits,physical_lane_bits,accuracy,float_accuracy,accuracy_delta,float_agreement,logit_mae,wrap_rate,wrapped_values,accumulator_values,max_abs_accumulator,runtime_ms,logical_macs,residue_macs,input_clip_rate,weight_clip_rate,parameter_count,weight_count,bias_count,weight_storage_packed_bytes,bias_storage_packed_bytes,parameter_storage_packed_bytes
7,moons,4,wide,integer-wide-accumulator,,,,,,32,0.956,0.974,-0.018000000000000016,0.97,0.7170027770914411,0.0,0,17000,124,0.27159182354807854,160000,160000,0.003,0.0,354,320,34,160,136,296
7,moons,4,modular,Z/2^8Z,2.0,8.0,256.0,,8.0,8,0.956,0.974,-0.018000000000000016,0.97,0.7170027770914411,0.0,0,17000,124,0.33640842884778976,160000,160000,0.003,0.0,354,320,34,160,34,194
7,moons,4,modular,Z/3^5Z,3.0,5.0,243.0,,7.924812503605781,8,0.954,0.974,-0.020000000000000018,0.968,0.7369148778354673,5.882352941176471e-05,1,17000,124,0.37984997034072876,160000,160000,0.003,0.0,354,320,34,160,34,194
7,moons,4,modular,Z/5^3Z,5.0,3.0,125.0,,6.965784284662087,7,0.822,0.974,-0.15200000000000002,0.836,1.955176785184885,0.008058823529411764,137,17000,135,0.4951084032654762,160000,160000,0.0026470588235294116,0.0,354,320,34,160,30,190
7,moons,4,rns,RNS,,,253.0,11x23,7.98299357469431,9,0.956,0.974,-0.018000000000000016,0.97,0.7170027770914411,0.0,0,17000,124,1.004274981096387,160000,320000,0.003,0.0,354,320,34,160,39,199
7,moons,4,modular,Z/2^12Z,2.0,12.0,4096.0,,12.0,12,0.956,0.974,-0.018000000000000016,0.97,0.7170027770914411,0.0,0,17000,124,0.39291661232709885,160000,160000,0.003,0.0,354,320,34,160,51,211
7,moons,4,modular,Z/3^7Z,3.0,7.0,2187.0,,11.094737505048093,12,0.956,0.974,-0.018000000000000016,0.97,0.7170027770914411,0.0,0,17000,124,0.4184334073215723,160000,160000,0.003,0.0,354,320,34,160,51,211
7,moons,4,modular,Z/5^5Z,5.0,5.0,3125.0,,11.609640474436812,12,0.956,0.974,-0.018000000000000016,0.97,0.7170027770914411,0.0,0,17000,124,0.9211417753249407,160000,160000,0.003,0.0,354,320,34,160,51,211
7,moons,4,rns,RNS,,,4087.0,61x67,11.996826528020659,13,0.956,0.974,-0.018000000000000016,0.97,0.7170027770914411,0.0,0,17000,124,1.1092915665358305,160000,320000,0.003,0.0,354,320,34,160,56,216
7,moons,4,modular,Z/2^16Z,2.0,16.0,65536.0,,16.0,16,0.956,0.974,-0.018000000000000016,0.97,0.7170027770914411,0.0,0,17000,124,0.5065082106739283,160000,160000,0.003,0.0,354,320,34,160,68,228
7,moons,4,modular,Z/3^10Z,3.0,10.0,59049.0,,15.849625007211563,16,0.956,0.974,-0.018000000000000016,0.97,0.7170027770914411,0.0,0,17000,124,0.4744249861687422,160000,160000,0.003,0.0,354,320,34,160,68,228
7,moons,4,modular,Z/5^6Z,5.0,6.0,15625.0,,13.931568569324174,14,0.956,0.974,-0.018000000000000016,0.97,0.7170027770914411,0.0,0,17000,124,0.42778337374329567,160000,160000,0.003,0.0,354,320,34,160,60,220
7,moons,4,rns,RNS,,,64507.0,251x257,15.97716810314465,17,0.956,0.974,-0.018000000000000016,0.97,0.7170027770914411,0.0,0,17000,124,1.3169416226446629,160000,320000,0.003,0.0,354,320,34,160,73,233
7,moons,4,modular,Z/2^18Z,2.0,18.0,262144.0,,18.0,18,0.956,0.974,-0.018000000000000016,0.97,0.7170027770914411,0.0,0,17000,124,0.5808500107377768,160000,160000,0.003,0.0,354,320,34,160,77,237
7,moons,4,modular,Z/3^11Z,3.0,11.0,177147.0,,17.43458750793272,18,0.956,0.974,-0.018000000000000016,0.97,0.7170027770914411,0.0,0,17000,124,0.572841614484787,160000,160000,0.003,0.0,354,320,34,160,77,237
7,moons,4,modular,Z/5^7Z,5.0,7.0,78125.0,,16.253496664211536,17,0.956,0.974,-0.018000000000000016,0.97,0.7170027770914411,0.0,0,17000,124,0.6800333969295025,160000,160000,0.003,0.0,354,320,34,160,73,233
7,moons,4,rns,RNS,,,256027.0,503x509,17.965936435881222,18,0.956,0.974,-0.018000000000000016,0.97,0.7170027770914411,0.0,0,17000,124,1.3490668032318354,160000,320000,0.003,0.0,354,320,34,160,77,237
7,moons,4,modular,Z/2^24Z,2.0,24.0,16777216.0,,24.0,24,0.956,0.974,-0.018000000000000016,0.97,0.7170027770914411,0.0,0,17000,124,0.44425842352211475,160000,160000,0.003,0.0,354,320,34,160,102,262
7,moons,4,modular,Z/3^15Z,3.0,15.0,14348907.0,,23.774437510817343,24,0.956,0.974,-0.018000000000000016,0.97,0.7170027770914411,0.0,0,17000,124,0.4818250425159931,160000,160000,0.003,0.0,354,320,34,160,102,262
7,moons,4,modular,Z/5^10Z,5.0,10.0,9765625.0,,23.219280948873624,24,0.956,0.974,-0.018000000000000016,0.97,0.7170027770914411,0.0,0,17000,124,0.6941332016140223,160000,160000,0.003,0.0,354,320,34,160,102,262
7,moons,4,rns,RNS,,,16777207.0,4093x4099,23.999999226077865,25,0.956,0.974,-0.018000000000000016,0.97,0.7170027770914411,0.0,0,17000,124,1.499808207154274,160000,320000,0.003,0.0,354,320,34,160,107,267
7,moons,8,wide,integer-wide-accumulator,,,,,,32,0.974,0.974,0.0,1.0,0.054435278576896395,0.0,0,17000,26812,0.5104999989271164,160000,160000,0.00023529411764705883,0.0,354,320,34,320,136,456
7,moons,8,modular,Z/2^8Z,2.0,8.0,256.0,,8.0,8,0.49,0.974,-0.484,0.488,3.3663599265403477,0.8728823529411764,14839,17000,17656,0.438116816803813,160000,160000,0.00023529411764705883,0.0,354,320,34,320,34,354
7,moons,8,modular,Z/3^5Z,3.0,5.0,243.0,,7.924812503605781,8,0.486,0.974,-0.488,0.496,3.367802130900582,0.8825882352941177,15004,17000,17656,0.45797498896718025,160000,160000,0.00023529411764705883,0.0,354,320,34,320,34,354
7,moons,8,modular,Z/5^3Z,5.0,3.0,125.0,,6.965784284662087,7,0.5,0.974,-0.474,0.502,3.3670098627755087,0.9376470588235294,15940,17000,17656,0.527716800570488,160000,160000,0.00023529411764705883,0.0,354,320,34,320,30,350
7,moons,8,rns,RNS,,,253.0,11x23,7.98299357469431,9,0.482,0.974,-0.492,0.472,3.367166934537515,0.8774117647058823,14916,17000,17656,1.3201165944337845,160000,320000,0.00023529411764705883,0.0,354,320,34,320,39,359
7,moons,8,modular,Z/2^12Z,2.0,12.0,4096.0,,12.0,12,0.53,0.974,-0.44399999999999995,0.54,3.32982242549507,0.40247058823529414,6842,17000,17656,0.5605082027614117,160000,160000,0.00023529411764705883,0.0,354,320,34,320,51,371
7,moons,8,modular,Z/3^7Z,3.0,7.0,2187.0,,11.094737505048093,12,0.494,0.974,-0.48,0.5,3.36427622150409,0.49411764705882355,8400,17000,17656,0.5386249627918005,160000,160000,0.00023529411764705883,0.0,354,320,34,320,51,371
7,moons,8,modular,Z/5^5Z,5.0,5.0,3125.0,,11.609640474436812,12,0.488,0.974,-0.486,0.482,3.3761926480470215,0.44229411764705884,7519,17000,17656,0.6039499770849943,160000,160000,0.00023529411764705883,0.0,354,320,34,320,51,371
7,moons,8,rns,RNS,,,4087.0,61x67,11.996826528020659,13,0.538,0.974,-0.43599999999999994,0.548,3.333619194687923,0.4026470588235294,6845,17000,17656,1.3545750174671412,160000,320000,0.00023529411764705883,0.0,354,320,34,320,56,376
7,moons,8,modular,Z/2^16Z,2.0,16.0,65536.0,,16.0,16,0.974,0.974,0.0,1.0,0.054435278576896395,0.0,0,17000,26812,0.466358195990324,160000,160000,0.00023529411764705883,0.0,354,320,34,320,68,388
7,moons,8,modular,Z/3^10Z,3.0,10.0,59049.0,,15.849625007211563,16,0.974,0.974,0.0,1.0,0.054435278576896395,0.0,0,17000,26812,0.4907915834337473,160000,160000,0.00023529411764705883,0.0,354,320,34,320,68,388
7,moons,8,modular,Z/5^6Z,5.0,6.0,15625.0,,13.931568569324174,14,0.608,0.974,-0.366,0.61,3.1143080938206475,0.11129411764705882,1892,17000,25567,0.4888166207820177,160000,160000,0.00023529411764705883,0.0,354,320,34,320,60,380
7,moons,8,rns,RNS,,,64507.0,251x257,15.97716810314465,17,0.974,0.974,0.0,1.0,0.054435278576896395,0.0,0,17000,26812,1.2713999953120947,160000,320000,0.00023529411764705883,0.0,354,320,34,320,73,393
7,moons,8,modular,Z/2^18Z,2.0,18.0,262144.0,,18.0,18,0.974,0.974,0.0,1.0,0.054435278576896395,0.0,0,17000,26812,0.44424161314964294,160000,160000,0.00023529411764705883,0.0,354,320,34,320,77,397
7,moons,8,modular,Z/3^11Z,3.0,11.0,177147.0,,17.43458750793272,18,0.974,0.974,0.0,1.0,0.054435278576896395,0.0,0,17000,26812,0.5215167999267578,160000,160000,0.00023529411764705883,0.0,354,320,34,320,77,397
7,moons,8,modular,Z/5^7Z,5.0,7.0,78125.0,,16.253496664211536,17,0.974,0.974,0.0,1.0,0.054435278576896395,0.0,0,17000,26812,0.4935415927320719,160000,160000,0.00023529411764705883,0.0,354,320,34,320,73,393
7,moons,8,rns,RNS,,,256027.0,503x509,17.965936435881222,18,0.974,0.974,0.0,1.0,0.054435278576896395,0.0,0,17000,26812,1.254491601139307,160000,320000,0.00023529411764705883,0.0,354,320,34,320,77,397
7,moons,8,modular,Z/2^24Z,2.0,24.0,16777216.0,,24.0,24,0.974,0.974,0.0,1.0,0.054435278576896395,0.0,0,17000,26812,0.5089081823825836,160000,160000,0.00023529411764705883,0.0,354,320,34,320,102,422
7,moons,8,modular,Z/3^15Z,3.0,15.0,14348907.0,,23.774437510817343,24,0.974,0.974,0.0,1.0,0.054435278576896395,0.0,0,17000,26812,0.6107168272137642,160000,160000,0.00023529411764705883,0.0,354,320,34,320,102,422
7,moons,8,modular,Z/5^10Z,5.0,10.0,9765625.0,,23.219280948873624,24,0.974,0.974,0.0,1.0,0.054435278576896395,0.0,0,17000,26812,0.5957084242254496,160000,160000,0.00023529411764705883,0.0,354,320,34,320,102,422
7,moons,8,rns,RNS,,,16777207.0,4093x4099,23.999999226077865,25,0.974,0.974,0.0,1.0,0.054435278576896395,0.0,0,17000,26812,1.308675017207861,160000,320000,0.00023529411764705883,0.0,354,320,34,320,107,427
7,digits,4,wide,integer-wide-accumulator,,,,,,32,0.9733333333333334,0.9733333333333334,0.0,0.9866666666666667,0.6944403770298434,0.0,0,18900,203,1.6911418177187443,1065600,1065600,0.0025694444444444445,0.0,2410,2368,42,1184,168,1352
7,digits,4,modular,Z/2^8Z,2.0,8.0,256.0,,8.0,8,0.8888888888888888,0.9733333333333334,-0.08444444444444454,0.9022222222222223,1.1223133407869375,0.005396825396825397,102,18900,203,1.3797665946185589,1065600,1065600,0.0016666666666666668,0.0,2410,2368,42,1184,42,1226
7,digits,4,modular,Z/3^5Z,3.0,5.0,243.0,,7.924812503605781,8,0.8577777777777778,0.9733333333333334,-0.11555555555555563,0.8711111111111111,1.308942821091208,0.008306878306878308,157,18900,203,1.3924416154623032,1065600,1065600,0.0011342592592592593,0.0,2410,2368,42,1184,42,1226
7,digits,4,modular,Z/5^3Z,5.0,3.0,125.0,,6.965784284662087,7,0.38666666666666666,0.9733333333333334,-0.5866666666666667,0.3844444444444444,4.089160836187613,0.1344973544973545,2542,18900,203,1.193533418700099,1065600,1065600,0.0011342592592592593,0.0,2410,2368,42,1184,37,1221
7,digits,4,rns,RNS,,,253.0,11x23,7.98299357469431,9,0.8688888888888889,0.9733333333333334,-0.10444444444444445,0.8822222222222222,1.2152711866252899,0.006613756613756613,125,18900,203,3.8176000118255615,1065600,2131200,0.0015972222222222223,0.0,2410,2368,42,1184,48,1232
7,digits,4,modular,Z/2^12Z,2.0,12.0,4096.0,,12.0,12,0.9733333333333334,0.9733333333333334,0.0,0.9866666666666667,0.6944403770298434,0.0,0,18900,203,2.2834499832242727,1065600,1065600,0.0025694444444444445,0.0,2410,2368,42,1184,63,1247
7,digits,4,modular,Z/3^7Z,3.0,7.0,2187.0,,11.094737505048093,12,0.9733333333333334,0.9733333333333334,0.0,0.9866666666666667,0.6944403770298434,0.0,0,18900,203,2.505166595801711,1065600,1065600,0.0025694444444444445,0.0,2410,2368,42,1184,63,1247
7,digits,4,modular,Z/5^5Z,5.0,5.0,3125.0,,11.609640474436812,12,0.9733333333333334,0.9733333333333334,0.0,0.9866666666666667,0.6944403770298434,0.0,0,18900,203,1.893075043335557,1065600,1065600,0.0025694444444444445,0.0,2410,2368,42,1184,63,1247
7,digits,4,rns,RNS,,,4087.0,61x67,11.996826528020659,13,0.9733333333333334,0.9733333333333334,0.0,0.9866666666666667,0.6944403770298434,0.0,0,18900,203,4.004924977198243,1065600,2131200,0.0025694444444444445,0.0,2410,2368,42,1184,69,1253
7,digits,4,modular,Z/2^16Z,2.0,16.0,65536.0,,16.0,16,0.9733333333333334,0.9733333333333334,0.0,0.9866666666666667,0.6944403770298434,0.0,0,18900,203,1.9099584314972162,1065600,1065600,0.0025694444444444445,0.0,2410,2368,42,1184,84,1268
7,digits,4,modular,Z/3^10Z,3.0,10.0,59049.0,,15.849625007211563,16,0.9733333333333334,0.9733333333333334,0.0,0.9866666666666667,0.6944403770298434,0.0,0,18900,203,1.2651999946683645,1065600,1065600,0.0025694444444444445,0.0,2410,2368,42,1184,84,1268
7,digits,4,modular,Z/5^6Z,5.0,6.0,15625.0,,13.931568569324174,14,0.9733333333333334,0.9733333333333334,0.0,0.9866666666666667,0.6944403770298434,0.0,0,18900,203,1.4551749918609858,1065600,1065600,0.0025694444444444445,0.0,2410,2368,42,1184,74,1258
7,digits,4,rns,RNS,,,64507.0,251x257,15.97716810314465,17,0.9733333333333334,0.9733333333333334,0.0,0.9866666666666667,0.6944403770298434,0.0,0,18900,203,4.340833192691207,1065600,2131200,0.0025694444444444445,0.0,2410,2368,42,1184,90,1274
7,digits,4,modular,Z/2^18Z,2.0,18.0,262144.0,,18.0,18,0.9733333333333334,0.9733333333333334,0.0,0.9866666666666667,0.6944403770298434,0.0,0,18900,203,1.3364499900490046,1065600,1065600,0.0025694444444444445,0.0,2410,2368,42,1184,95,1279
7,digits,4,modular,Z/3^11Z,3.0,11.0,177147.0,,17.43458750793272,18,0.9733333333333334,0.9733333333333334,0.0,0.9866666666666667,0.6944403770298434,0.0,0,18900,203,2.258775010704994,1065600,1065600,0.0025694444444444445,0.0,2410,2368,42,1184,95,1279
7,digits,4,modular,Z/5^7Z,5.0,7.0,78125.0,,16.253496664211536,17,0.9733333333333334,0.9733333333333334,0.0,0.9866666666666667,0.6944403770298434,0.0,0,18900,203,1.6040249727666378,1065600,1065600,0.0025694444444444445,0.0,2410,2368,42,1184,90,1274
7,digits,4,rns,RNS,,,256027.0,503x509,17.965936435881222,18,0.9733333333333334,0.9733333333333334,0.0,0.9866666666666667,0.6944403770298434,0.0,0,18900,203,3.055600030347705,1065600,2131200,0.0025694444444444445,0.0,2410,2368,42,1184,95,1279
7,digits,4,modular,Z/2^24Z,2.0,24.0,16777216.0,,24.0,24,0.9733333333333334,0.9733333333333334,0.0,0.9866666666666667,0.6944403770298434,0.0,0,18900,203,1.3434166088700294,1065600,1065600,0.0025694444444444445,0.0,2410,2368,42,1184,126,1310
7,digits,4,modular,Z/3^15Z,3.0,15.0,14348907.0,,23.774437510817343,24,0.9733333333333334,0.9733333333333334,0.0,0.9866666666666667,0.6944403770298434,0.0,0,18900,203,1.1887500062584877,1065600,1065600,0.0025694444444444445,0.0,2410,2368,42,1184,126,1310
7,digits,4,modular,Z/5^10Z,5.0,10.0,9765625.0,,23.219280948873624,24,0.9733333333333334,0.9733333333333334,0.0,0.9866666666666667,0.6944403770298434,0.0,0,18900,203,1.2501333840191364,1065600,1065600,0.0025694444444444445,0.0,2410,2368,42,1184,126,1310
7,digits,4,rns,RNS,,,16777207.0,4093x4099,23.999999226077865,25,0.9733333333333334,0.9733333333333334,0.0,0.9866666666666667,0.6944403770298434,0.0,0,18900,203,2.587574999779463,1065600,2131200,0.0025694444444444445,0.0,2410,2368,42,1184,132,1316
7,digits,8,wide,integer-wide-accumulator,,,,,,32,0.9777777777777777,0.9733333333333334,0.004444444444444362,0.9955555555555555,0.19921398229300272,0.0,0,18900,34358,1.1207665782421827,1065600,1065600,9.259259259259259e-05,0.0,2410,2368,42,2368,168,2536
7,digits,8,modular,Z/2^8Z,2.0,8.0,256.0,,8.0,8,0.07333333333333333,0.9733333333333334,-0.9,0.07333333333333333,5.147512834471651,0.932962962962963,17633,18900,29909,1.171941589564085,1065600,1065600,4.6296296296296294e-05,0.0,2410,2368,42,2368,42,2410
7,digits,8,modular,Z/3^5Z,3.0,5.0,243.0,,7.924812503605781,8,0.09333333333333334,0.9733333333333334,-0.88,0.09777777777777778,5.147775497100355,0.9352910052910053,17677,18900,29909,1.34676662273705,1065600,1065600,4.6296296296296294e-05,0.0,2410,2368,42,2368,42,2410
7,digits,8,modular,Z/5^3Z,5.0,3.0,125.0,,6.965784284662087,7,0.11333333333333333,0.9733333333333334,-0.8600000000000001,0.11333333333333333,5.1474016332332395,0.9592592592592593,18130,18900,29909,1.0066081769764423,1065600,1065600,4.6296296296296294e-05,0.0,2410,2368,42,2368,37,2405
7,digits,8,rns,RNS,,,253.0,11x23,7.98299357469431,9,0.10222222222222223,0.9733333333333334,-0.8711111111111112,0.10444444444444445,5.147379580762236,0.9350793650793651,17673,18900,29909,3.388308407738805,1065600,2131200,4.6296296296296294e-05,0.0,2410,2368,42,2368,48,2416
7,digits,8,modular,Z/2^12Z,2.0,12.0,4096.0,,12.0,12,0.07333333333333333,0.9733333333333334,-0.9,0.07555555555555556,5.167592414701338,0.42264550264550266,7988,18900,29909,1.4294082298874855,1065600,1065600,4.6296296296296294e-05,0.0,2410,2368,42,2368,63,2431
7,digits,8,modular,Z/3^7Z,3.0,7.0,2187.0,,11.094737505048093,12,0.10666666666666667,0.9733333333333334,-0.8666666666666667,0.10222222222222223,5.161879457306791,0.6261375661375661,11834,18900,29909,1.5545918140560389,1065600,1065600,4.6296296296296294e-05,0.0,2410,2368,42,2368,63,2431
7,digits,8,modular,Z/5^5Z,5.0,5.0,3125.0,,11.609640474436812,12,0.11333333333333333,0.9733333333333334,-0.8600000000000001,0.11333333333333333,5.155130000793877,0.5176719576719576,9784,18900,29909,1.245591789484024,1065600,1065600,4.6296296296296294e-05,0.0,2410,2368,42,2368,63,2431
7,digits,8,rns,RNS,,,4087.0,61x67,11.996826528020659,13,0.06666666666666667,0.9733333333333334,-0.9066666666666667,0.06888888888888889,5.171479315510187,0.4235978835978836,8006,18900,29909,3.1112416181713343,1065600,2131200,4.6296296296296294e-05,0.0,2410,2368,42,2368,69,2437
7,digits,8,modular,Z/2^16Z,2.0,16.0,65536.0,,16.0,16,0.9711111111111111,0.9733333333333334,-0.0022222222222222365,0.9888888888888889,0.22193460285567262,0.00015873015873015873,3,18900,34358,0.8765833918005228,1065600,1065600,9.259259259259259e-05,0.0,2410,2368,42,2368,84,2452
7,digits,8,modular,Z/3^10Z,3.0,10.0,59049.0,,15.849625007211563,16,0.9511111111111111,0.9733333333333334,-0.022222222222222254,0.9688888888888889,0.2940244756992282,0.0007936507936507937,15,18900,34358,0.942099979147315,1065600,1065600,0.00011574074074074075,0.0,2410,2368,42,2368,84,2452
7,digits,8,modular,Z/5^6Z,5.0,6.0,15625.0,,13.931568569324174,14,0.08444444444444445,0.9733333333333334,-0.888888888888889,0.08666666666666667,5.067341530100672,0.14179894179894179,2680,18900,39504,0.9596583899110556,1065600,1065600,4.6296296296296294e-05,0.0,2410,2368,42,2368,74,2442
7,digits,8,rns,RNS,,,64507.0,251x257,15.97716810314465,17,0.9688888888888889,0.9733333333333334,-0.004444444444444473,0.9866666666666667,0.2289784701648083,0.00021164021164021165,4,18900,34358,3.108458174392581,1065600,2131200,9.259259259259259e-05,0.0,2410,2368,42,2368,90,2458
7,digits,8,modular,Z/2^18Z,2.0,18.0,262144.0,,18.0,18,0.9777777777777777,0.9733333333333334,0.004444444444444362,0.9955555555555555,0.19921398229300272,0.0,0,18900,34358,1.20931682176888,1065600,1065600,9.259259259259259e-05,0.0,2410,2368,42,2368,95,2463
7,digits,8,modular,Z/3^11Z,3.0,11.0,177147.0,,17.43458750793272,18,0.9777777777777777,0.9733333333333334,0.004444444444444362,0.9955555555555555,0.19921398229300272,0.0,0,18900,34358,1.0877331718802452,1065600,1065600,9.259259259259259e-05,0.0,2410,2368,42,2368,95,2463
7,digits,8,modular,Z/5^7Z,5.0,7.0,78125.0,,16.253496664211536,17,0.9777777777777777,0.9733333333333334,0.004444444444444362,0.9955555555555555,0.19921398229300272,0.0,0,18900,34358,0.9240166284143925,1065600,1065600,9.259259259259259e-05,0.0,2410,2368,42,2368,90,2458
7,digits,8,rns,RNS,,,256027.0,503x509,17.965936435881222,18,0.9777777777777777,0.9733333333333334,0.004444444444444362,0.9955555555555555,0.19921398229300272,0.0,0,18900,34358,2.701999992132187,1065600,2131200,9.259259259259259e-05,0.0,2410,2368,42,2368,95,2463
7,digits,8,modular,Z/2^24Z,2.0,24.0,16777216.0,,24.0,24,0.9777777777777777,0.9733333333333334,0.004444444444444362,0.9955555555555555,0.19921398229300272,0.0,0,18900,34358,0.9931583888828754,1065600,1065600,9.259259259259259e-05,0.0,2410,2368,42,2368,126,2494
7,digits,8,modular,Z/3^15Z,3.0,15.0,14348907.0,,23.774437510817343,24,0.9777777777777777,0.9733333333333334,0.004444444444444362,0.9955555555555555,0.19921398229300272,0.0,0,18900,34358,1.170575013384223,1065600,1065600,9.259259259259259e-05,0.0,2410,2368,42,2368,126,2494
7,digits,8,modular,Z/5^10Z,5.0,10.0,9765625.0,,23.219280948873624,24,0.9777777777777777,0.9733333333333334,0.004444444444444362,0.9955555555555555,0.19921398229300272,0.0,0,18900,34358,1.1453500017523766,1065600,1065600,9.259259259259259e-05,0.0,2410,2368,42,2368,126,2494
7,digits,8,rns,RNS,,,16777207.0,4093x4099,23.999999226077865,25,0.9777777777777777,0.9733333333333334,0.004444444444444362,0.9955555555555555,0.19921398229300272,0.0,0,18900,34358,2.622399991378188,1065600,2131200,9.259259259259259e-05,0.0,2410,2368,42,2368,132,2500
19,moons,4,wide,integer-wide-accumulator,,,,,,32,0.946,0.97,-0.02400000000000002,0.968,0.7962982951664712,0.0,0,17000,114,0.3711999859660864,160000,160000,0.008705882352941176,0.0,354,320,34,160,136,296
19,moons,4,modular,Z/2^8Z,2.0,8.0,256.0,,8.0,8,0.946,0.97,-0.02400000000000002,0.968,0.7962982951664712,0.0,0,17000,114,0.5623834207653999,160000,160000,0.008705882352941176,0.0,354,320,34,160,34,194
19,moons,4,modular,Z/3^5Z,3.0,5.0,243.0,,7.924812503605781,8,0.946,0.97,-0.02400000000000002,0.968,0.7962982951664712,0.0,0,17000,114,0.5299750249832869,160000,160000,0.008705882352941176,0.0,354,320,34,160,34,194
19,moons,4,modular,Z/5^3Z,5.0,3.0,125.0,,6.965784284662087,7,0.73,0.97,-0.24,0.752,2.8555952028915437,0.016,272,17000,122,0.45960815623402596,160000,160000,0.005,0.0,354,320,34,160,30,190
19,moons,4,rns,RNS,,,253.0,11x23,7.98299357469431,9,0.946,0.97,-0.02400000000000002,0.968,0.7962982951664712,0.0,0,17000,114,1.0061665903776884,160000,320000,0.008705882352941176,0.0,354,320,34,160,39,199
19,moons,4,modular,Z/2^12Z,2.0,12.0,4096.0,,12.0,12,0.946,0.97,-0.02400000000000002,0.968,0.7962982951664712,0.0,0,17000,114,0.5075166001915932,160000,160000,0.008705882352941176,0.0,354,320,34,160,51,211
19,moons,4,modular,Z/3^7Z,3.0,7.0,2187.0,,11.094737505048093,12,0.946,0.97,-0.02400000000000002,0.968,0.7962982951664712,0.0,0,17000,114,0.524633377790451,160000,160000,0.008705882352941176,0.0,354,320,34,160,51,211
19,moons,4,modular,Z/5^5Z,5.0,5.0,3125.0,,11.609640474436812,12,0.946,0.97,-0.02400000000000002,0.968,0.7962982951664712,0.0,0,17000,114,0.46975002624094486,160000,160000,0.008705882352941176,0.0,354,320,34,160,51,211
19,moons,4,rns,RNS,,,4087.0,61x67,11.996826528020659,13,0.946,0.97,-0.02400000000000002,0.968,0.7962982951664712,0.0,0,17000,114,1.4478084165602922,160000,320000,0.008705882352941176,0.0,354,320,34,160,56,216
19,moons,4,modular,Z/2^16Z,2.0,16.0,65536.0,,16.0,16,0.946,0.97,-0.02400000000000002,0.968,0.7962982951664712,0.0,0,17000,114,0.6233584135770798,160000,160000,0.008705882352941176,0.0,354,320,34,160,68,228
19,moons,4,modular,Z/3^10Z,3.0,10.0,59049.0,,15.849625007211563,16,0.946,0.97,-0.02400000000000002,0.968,0.7962982951664712,0.0,0,17000,114,0.559200020506978,160000,160000,0.008705882352941176,0.0,354,320,34,160,68,228
19,moons,4,modular,Z/5^6Z,5.0,6.0,15625.0,,13.931568569324174,14,0.946,0.97,-0.02400000000000002,0.968,0.7962982951664712,0.0,0,17000,114,0.5459418054670095,160000,160000,0.008705882352941176,0.0,354,320,34,160,60,220
19,moons,4,rns,RNS,,,64507.0,251x257,15.97716810314465,17,0.946,0.97,-0.02400000000000002,0.968,0.7962982951664712,0.0,0,17000,114,1.349300006404519,160000,320000,0.008705882352941176,0.0,354,320,34,160,73,233
19,moons,4,modular,Z/2^18Z,2.0,18.0,262144.0,,18.0,18,0.946,0.97,-0.02400000000000002,0.968,0.7962982951664712,0.0,0,17000,114,0.36290818825364113,160000,160000,0.008705882352941176,0.0,354,320,34,160,77,237
19,moons,4,modular,Z/3^11Z,3.0,11.0,177147.0,,17.43458750793272,18,0.946,0.97,-0.02400000000000002,0.968,0.7962982951664712,0.0,0,17000,114,0.5062582436949015,160000,160000,0.008705882352941176,0.0,354,320,34,160,77,237
19,moons,4,modular,Z/5^7Z,5.0,7.0,78125.0,,16.253496664211536,17,0.946,0.97,-0.02400000000000002,0.968,0.7962982951664712,0.0,0,17000,114,0.6025168113410473,160000,160000,0.008705882352941176,0.0,354,320,34,160,73,233
19,moons,4,rns,RNS,,,256027.0,503x509,17.965936435881222,18,0.946,0.97,-0.02400000000000002,0.968,0.7962982951664712,0.0,0,17000,114,1.0035168379545212,160000,320000,0.008705882352941176,0.0,354,320,34,160,77,237
19,moons,4,modular,Z/2^24Z,2.0,24.0,16777216.0,,24.0,24,0.946,0.97,-0.02400000000000002,0.968,0.7962982951664712,0.0,0,17000,114,0.4147083964198828,160000,160000,0.008705882352941176,0.0,354,320,34,160,102,262
19,moons,4,modular,Z/3^15Z,3.0,15.0,14348907.0,,23.774437510817343,24,0.946,0.97,-0.02400000000000002,0.968,0.7962982951664712,0.0,0,17000,114,0.48165000043809414,160000,160000,0.008705882352941176,0.0,354,320,34,160,102,262
19,moons,4,modular,Z/5^10Z,5.0,10.0,9765625.0,,23.219280948873624,24,0.946,0.97,-0.02400000000000002,0.968,0.7962982951664712,0.0,0,17000,114,0.3855249844491482,160000,160000,0.008705882352941176,0.0,354,320,34,160,102,262
19,moons,4,rns,RNS,,,16777207.0,4093x4099,23.999999226077865,25,0.946,0.97,-0.02400000000000002,0.968,0.7962982951664712,0.0,0,17000,114,1.3569166418164968,160000,320000,0.008705882352941176,0.0,354,320,34,160,107,267
19,moons,8,wide,integer-wide-accumulator,,,,,,32,0.97,0.97,0.0,1.0,0.050101662613754386,0.0,0,17000,34182,0.49413321539759636,160000,160000,0.00017647058823529413,0.0,354,320,34,320,136,456
19,moons,8,modular,Z/2^8Z,2.0,8.0,256.0,,8.0,8,0.446,0.97,-0.524,0.436,3.72201835893061,0.9240588235294117,15709,17000,17434,0.3843581769615412,160000,160000,0.0,0.0,354,320,34,320,34,354
19,moons,8,modular,Z/3^5Z,3.0,5.0,243.0,,7.924812503605781,8,0.494,0.97,-0.476,0.5,3.720696724536517,0.9251764705882353,15728,17000,17434,0.4520250018686056,160000,160000,0.0,0.0,354,320,34,320,34,354
19,moons,8,modular,Z/5^3Z,5.0,3.0,125.0,,6.965784284662087,7,0.5,0.97,-0.47,0.522,3.718645918194932,0.9378235294117647,15943,17000,17434,0.4608666058629751,160000,160000,0.0,0.0,354,320,34,320,30,350
19,moons,8,rns,RNS,,,253.0,11x23,7.98299357469431,9,0.496,0.97,-0.474,0.49,3.718958445829541,0.9238823529411765,15706,17000,17434,1.0617415886372328,160000,320000,0.0,0.0,354,320,34,320,39,359
19,moons,8,modular,Z/2^12Z,2.0,12.0,4096.0,,12.0,12,0.492,0.97,-0.478,0.478,3.729999702601723,0.3977058823529412,6761,17000,17434,1.0608416050672531,160000,160000,0.0,0.0,354,320,34,320,51,371
19,moons,8,modular,Z/3^7Z,3.0,7.0,2187.0,,11.094737505048093,12,0.484,0.97,-0.486,0.49,3.717789869943421,0.5294117647058824,9000,17000,17434,0.5060000345110893,160000,160000,0.0,0.0,354,320,34,320,51,371
19,moons,8,modular,Z/5^5Z,5.0,5.0,3125.0,,11.609640474436812,12,0.498,0.97,-0.472,0.508,3.7320602730724084,0.4563529411764706,7758,17000,17434,0.43317503295838833,160000,160000,0.0,0.0,354,320,34,320,51,371
19,moons,8,rns,RNS,,,4087.0,61x67,11.996826528020659,13,0.51,0.97,-0.45999999999999996,0.504,3.7212061534099505,0.3986470588235294,6777,17000,17434,0.8074249606579542,160000,320000,0.0,0.0,354,320,34,320,56,376
19,moons,8,modular,Z/2^16Z,2.0,16.0,65536.0,,16.0,16,0.97,0.97,0.0,1.0,0.07285830496240404,5.882352941176471e-05,1,17000,34182,0.39258338510990143,160000,160000,0.00017647058823529413,0.0,354,320,34,320,68,388
19,moons,8,modular,Z/3^10Z,3.0,10.0,59049.0,,15.849625007211563,16,0.968,0.97,-0.0020000000000000018,0.998,0.09113448150076862,0.00011764705882352942,2,17000,34182,0.4362999927252531,160000,160000,0.00017647058823529413,0.0,354,320,34,320,68,388
19,moons,8,modular,Z/5^6Z,5.0,6.0,15625.0,,13.931568569324174,14,0.544,0.97,-0.42599999999999993,0.534,3.710436768364581,0.11611764705882353,1974,17000,18657,0.5461081862449646,160000,160000,0.0,0.0,354,320,34,320,60,380
19,moons,8,rns,RNS,,,64507.0,251x257,15.97716810314465,17,0.97,0.97,0.0,1.0,0.07250051443582635,5.882352941176471e-05,1,17000,34182,0.9405081626027822,160000,320000,0.00017647058823529413,0.0,354,320,34,320,73,393
19,moons,8,modular,Z/2^18Z,2.0,18.0,262144.0,,18.0,18,0.97,0.97,0.0,1.0,0.050101662613754386,0.0,0,17000,34182,0.3045750316232443,160000,160000,0.00017647058823529413,0.0,354,320,34,320,77,397
19,moons,8,modular,Z/3^11Z,3.0,11.0,177147.0,,17.43458750793272,18,0.97,0.97,0.0,1.0,0.050101662613754386,0.0,0,17000,34182,0.364549970254302,160000,160000,0.00017647058823529413,0.0,354,320,34,320,77,397
19,moons,8,modular,Z/5^7Z,5.0,7.0,78125.0,,16.253496664211536,17,0.97,0.97,0.0,1.0,0.050101662613754386,0.0,0,17000,34182,0.3457500133663416,160000,160000,0.00017647058823529413,0.0,354,320,34,320,73,393
19,moons,8,rns,RNS,,,256027.0,503x509,17.965936435881222,18,0.97,0.97,0.0,1.0,0.050101662613754386,0.0,0,17000,34182,0.9451249614357948,160000,320000,0.00017647058823529413,0.0,354,320,34,320,77,397
19,moons,8,modular,Z/2^24Z,2.0,24.0,16777216.0,,24.0,24,0.97,0.97,0.0,1.0,0.050101662613754386,0.0,0,17000,34182,0.4637249745428562,160000,160000,0.00017647058823529413,0.0,354,320,34,320,102,422
19,moons,8,modular,Z/3^15Z,3.0,15.0,14348907.0,,23.774437510817343,24,0.97,0.97,0.0,1.0,0.050101662613754386,0.0,0,17000,34182,0.4519000183790922,160000,160000,0.00017647058823529413,0.0,354,320,34,320,102,422
19,moons,8,modular,Z/5^10Z,5.0,10.0,9765625.0,,23.219280948873624,24,0.97,0.97,0.0,1.0,0.050101662613754386,0.0,0,17000,34182,0.32636658288538456,160000,160000,0.00017647058823529413,0.0,354,320,34,320,102,422
19,moons,8,rns,RNS,,,16777207.0,4093x4099,23.999999226077865,25,0.97,0.97,0.0,1.0,0.050101662613754386,0.0,0,17000,34182,0.7435666397213936,160000,320000,0.00017647058823529413,0.0,354,320,34,320,107,427
19,digits,4,wide,integer-wide-accumulator,,,,,,32,0.9711111111111111,0.9866666666666667,-0.015555555555555545,0.98,0.7099419311972481,0.0,0,18900,162,0.9563250001519918,1065600,1065600,0.002662037037037037,0.0,2410,2368,42,1184,168,1352
19,digits,4,modular,Z/2^8Z,2.0,8.0,256.0,,8.0,8,0.9044444444444445,0.9866666666666667,-0.0822222222222222,0.9133333333333333,1.0662007537080704,0.003968253968253968,75,18900,162,1.0724750347435474,1065600,1065600,0.002337962962962963,0.0,2410,2368,42,1184,42,1226
19,digits,4,modular,Z/3^5Z,3.0,5.0,243.0,,7.924812503605781,8,0.8822222222222222,0.9866666666666667,-0.10444444444444445,0.8911111111111111,1.232703816407133,0.006190476190476191,117,18900,169,1.029858412221074,1065600,1065600,0.0021527777777777778,0.0,2410,2368,42,1184,42,1226
19,digits,4,modular,Z/5^3Z,5.0,3.0,125.0,,6.965784284662087,7,0.3466666666666667,0.9866666666666667,-0.64,0.3511111111111111,4.123427305483618,0.13412698412698412,2535,18900,162,1.0219084098935127,1065600,1065600,0.0012268518518518518,0.0,2410,2368,42,1184,37,1221
19,digits,4,rns,RNS,,,253.0,11x23,7.98299357469431,9,0.8955555555555555,0.9866666666666667,-0.09111111111111114,0.9044444444444445,1.1132019539892586,0.00455026455026455,86,18900,169,3.745841607451439,1065600,2131200,0.002384259259259259,0.0,2410,2368,42,1184,48,1232
19,digits,4,modular,Z/2^12Z,2.0,12.0,4096.0,,12.0,12,0.9711111111111111,0.9866666666666667,-0.015555555555555545,0.98,0.7099419311972481,0.0,0,18900,162,1.1892916169017553,1065600,1065600,0.002662037037037037,0.0,2410,2368,42,1184,63,1247
19,digits,4,modular,Z/3^7Z,3.0,7.0,2187.0,,11.094737505048093,12,0.9711111111111111,0.9866666666666667,-0.015555555555555545,0.98,0.7099419311972481,0.0,0,18900,162,1.0898749809712172,1065600,1065600,0.002662037037037037,0.0,2410,2368,42,1184,63,1247
19,digits,4,modular,Z/5^5Z,5.0,5.0,3125.0,,11.609640474436812,12,0.9711111111111111,0.9866666666666667,-0.015555555555555545,0.98,0.7099419311972481,0.0,0,18900,162,1.0570165701210499,1065600,1065600,0.002662037037037037,0.0,2410,2368,42,1184,63,1247
19,digits,4,rns,RNS,,,4087.0,61x67,11.996826528020659,13,0.9711111111111111,0.9866666666666667,-0.015555555555555545,0.98,0.7099419311972481,0.0,0,18900,162,2.3049000184983015,1065600,2131200,0.002662037037037037,0.0,2410,2368,42,1184,69,1253
19,digits,4,modular,Z/2^16Z,2.0,16.0,65536.0,,16.0,16,0.9711111111111111,0.9866666666666667,-0.015555555555555545,0.98,0.7099419311972481,0.0,0,18900,162,0.826133182272315,1065600,1065600,0.002662037037037037,0.0,2410,2368,42,1184,84,1268
19,digits,4,modular,Z/3^10Z,3.0,10.0,59049.0,,15.849625007211563,16,0.9711111111111111,0.9866666666666667,-0.015555555555555545,0.98,0.7099419311972481,0.0,0,18900,162,0.8242166135460138,1065600,1065600,0.002662037037037037,0.0,2410,2368,42,1184,84,1268
19,digits,4,modular,Z/5^6Z,5.0,6.0,15625.0,,13.931568569324174,14,0.9711111111111111,0.9866666666666667,-0.015555555555555545,0.98,0.7099419311972481,0.0,0,18900,162,0.8420833852142096,1065600,1065600,0.002662037037037037,0.0,2410,2368,42,1184,74,1258
19,digits,4,rns,RNS,,,64507.0,251x257,15.97716810314465,17,0.9711111111111111,0.9866666666666667,-0.015555555555555545,0.98,0.7099419311972481,0.0,0,18900,162,2.313383389264345,1065600,2131200,0.002662037037037037,0.0,2410,2368,42,1184,90,1274
19,digits,4,modular,Z/2^18Z,2.0,18.0,262144.0,,18.0,18,0.9711111111111111,0.9866666666666667,-0.015555555555555545,0.98,0.7099419311972481,0.0,0,18900,162,1.0519583709537983,1065600,1065600,0.002662037037037037,0.0,2410,2368,42,1184,95,1279
19,digits,4,modular,Z/3^11Z,3.0,11.0,177147.0,,17.43458750793272,18,0.9711111111111111,0.9866666666666667,-0.015555555555555545,0.98,0.7099419311972481,0.0,0,18900,162,1.3251331634819508,1065600,1065600,0.002662037037037037,0.0,2410,2368,42,1184,95,1279
19,digits,4,modular,Z/5^7Z,5.0,7.0,78125.0,,16.253496664211536,17,0.9711111111111111,0.9866666666666667,-0.015555555555555545,0.98,0.7099419311972481,0.0,0,18900,162,1.2786165811121464,1065600,1065600,0.002662037037037037,0.0,2410,2368,42,1184,90,1274
19,digits,4,rns,RNS,,,256027.0,503x509,17.965936435881222,18,0.9711111111111111,0.9866666666666667,-0.015555555555555545,0.98,0.7099419311972481,0.0,0,18900,162,3.2254249788820744,1065600,2131200,0.002662037037037037,0.0,2410,2368,42,1184,95,1279
19,digits,4,modular,Z/2^24Z,2.0,24.0,16777216.0,,24.0,24,0.9711111111111111,0.9866666666666667,-0.015555555555555545,0.98,0.7099419311972481,0.0,0,18900,162,1.1902668047696352,1065600,1065600,0.002662037037037037,0.0,2410,2368,42,1184,126,1310
19,digits,4,modular,Z/3^15Z,3.0,15.0,14348907.0,,23.774437510817343,24,0.9711111111111111,0.9866666666666667,-0.015555555555555545,0.98,0.7099419311972481,0.0,0,18900,162,1.1206916067749262,1065600,1065600,0.002662037037037037,0.0,2410,2368,42,1184,126,1310
19,digits,4,modular,Z/5^10Z,5.0,10.0,9765625.0,,23.219280948873624,24,0.9711111111111111,0.9866666666666667,-0.015555555555555545,0.98,0.7099419311972481,0.0,0,18900,162,1.0277417954057455,1065600,1065600,0.002662037037037037,0.0,2410,2368,42,1184,126,1310
19,digits,4,rns,RNS,,,16777207.0,4093x4099,23.999999226077865,25,0.9711111111111111,0.9866666666666667,-0.015555555555555545,0.98,0.7099419311972481,0.0,0,18900,162,3.50447497330606,1065600,2131200,0.002662037037037037,0.0,2410,2368,42,1184,132,1316
19,digits,8,wide,integer-wide-accumulator,,,,,,32,0.9866666666666667,0.9866666666666667,0.0,0.9977777777777778,0.15309664546547053,0.0,0,18900,27386,0.9435915853828192,1065600,1065600,0.0,0.0,2410,2368,42,2368,168,2536
19,digits,8,modular,Z/2^8Z,2.0,8.0,256.0,,8.0,8,0.09111111111111111,0.9866666666666667,-0.8955555555555555,0.08666666666666667,5.1946879594554884,0.8816402116402117,16663,18900,22274,1.0388999711722136,1065600,1065600,0.0,0.0,2410,2368,42,2368,42,2410
19,digits,8,modular,Z/3^5Z,3.0,5.0,243.0,,7.924812503605781,8,0.12222222222222222,0.9866666666666667,-0.8644444444444445,0.12222222222222222,5.193430535185644,0.8908465608465609,16837,18900,22274,0.8234665729105473,1065600,1065600,0.0,0.0,2410,2368,42,2368,42,2410
19,digits,8,modular,Z/5^3Z,5.0,3.0,125.0,,6.965784284662087,7,0.11555555555555555,0.9866666666666667,-0.8711111111111112,0.11555555555555555,5.193614233310452,0.931058201058201,17597,18900,22274,0.8220250252634287,1065600,1065600,0.0,0.0,2410,2368,42,2368,37,2405
19,digits,8,rns,RNS,,,253.0,11x23,7.98299357469431,9,0.12666666666666668,0.9866666666666667,-0.86,0.1288888888888889,5.193619621367376,0.8831216931216931,16691,18900,22274,2.281091595068574,1065600,2131200,0.0,0.0,2410,2368,42,2368,48,2416
19,digits,8,modular,Z/2^12Z,2.0,12.0,4096.0,,12.0,12,0.10888888888888888,0.9866666666666667,-0.8777777777777778,0.10888888888888888,5.2201615594644615,0.42973544973544975,8122,18900,22274,1.4098583720624447,1065600,1065600,0.0,0.0,2410,2368,42,2368,63,2431
19,digits,8,modular,Z/3^7Z,3.0,7.0,2187.0,,11.094737505048093,12,0.08666666666666667,0.9866666666666667,-0.9,0.08888888888888889,5.212494680218332,0.6244973544973546,11803,18900,22274,1.3089166022837162,1065600,1065600,0.0,0.0,2410,2368,42,2368,63,2431
19,digits,8,modular,Z/5^5Z,5.0,5.0,3125.0,,11.609640474436812,12,0.10444444444444445,0.9866666666666667,-0.8822222222222222,0.10666666666666667,5.205046903018683,0.5231746031746032,9888,18900,22274,1.1637666262686253,1065600,1065600,0.0,0.0,2410,2368,42,2368,63,2431
19,digits,8,rns,RNS,,,4087.0,61x67,11.996826528020659,13,0.10888888888888888,0.9866666666666667,-0.8777777777777778,0.10888888888888888,5.215257395054235,0.43084656084656087,8143,18900,22274,3.182350005954504,1065600,2131200,0.0,0.0,2410,2368,42,2368,69,2437
19,digits,8,modular,Z/2^16Z,2.0,16.0,65536.0,,16.0,16,0.9866666666666667,0.9866666666666667,0.0,0.9977777777777778,0.15309664546547053,0.0,0,18900,27386,1.3227667659521103,1065600,1065600,0.0,0.0,2410,2368,42,2368,84,2452
19,digits,8,modular,Z/3^10Z,3.0,10.0,59049.0,,15.849625007211563,16,0.9866666666666667,0.9866666666666667,0.0,0.9977777777777778,0.15309664546547053,0.0,0,18900,27386,1.3247749768197536,1065600,1065600,0.0,0.0,2410,2368,42,2368,84,2452
19,digits,8,modular,Z/5^6Z,5.0,6.0,15625.0,,13.931568569324174,14,0.044444444444444446,0.9866666666666667,-0.9422222222222223,0.04666666666666667,5.112015513056362,0.12783068783068782,2416,18900,31416,1.1787415947765112,1065600,1065600,0.0,0.0,2410,2368,42,2368,74,2442
19,digits,8,rns,RNS,,,64507.0,251x257,15.97716810314465,17,0.9866666666666667,0.9866666666666667,0.0,0.9977777777777778,0.15309664546547053,0.0,0,18900,27386,3.2313331961631775,1065600,2131200,0.0,0.0,2410,2368,42,2368,90,2458
19,digits,8,modular,Z/2^18Z,2.0,18.0,262144.0,,18.0,18,0.9866666666666667,0.9866666666666667,0.0,0.9977777777777778,0.15309664546547053,0.0,0,18900,27386,1.5592999756336212,1065600,1065600,0.0,0.0,2410,2368,42,2368,95,2463
19,digits,8,modular,Z/3^11Z,3.0,11.0,177147.0,,17.43458750793272,18,0.9866666666666667,0.9866666666666667,0.0,0.9977777777777778,0.15309664546547053,0.0,0,18900,27386,1.5403584111481905,1065600,1065600,0.0,0.0,2410,2368,42,2368,95,2463
19,digits,8,modular,Z/5^7Z,5.0,7.0,78125.0,,16.253496664211536,17,0.9866666666666667,0.9866666666666667,0.0,0.9977777777777778,0.15309664546547053,0.0,0,18900,27386,2.2195082157850266,1065600,1065600,0.0,0.0,2410,2368,42,2368,90,2458
19,digits,8,rns,RNS,,,256027.0,503x509,17.965936435881222,18,0.9866666666666667,0.9866666666666667,0.0,0.9977777777777778,0.15309664546547053,0.0,0,18900,27386,4.101024987176061,1065600,2131200,0.0,0.0,2410,2368,42,2368,95,2463
19,digits,8,modular,Z/2^24Z,2.0,24.0,16777216.0,,24.0,24,0.9866666666666667,0.9866666666666667,0.0,0.9977777777777778,0.15309664546547053,0.0,0,18900,27386,1.271133404225111,1065600,1065600,0.0,0.0,2410,2368,42,2368,126,2494
19,digits,8,modular,Z/3^15Z,3.0,15.0,14348907.0,,23.774437510817343,24,0.9866666666666667,0.9866666666666667,0.0,0.9977777777777778,0.15309664546547053,0.0,0,18900,27386,1.225716806948185,1065600,1065600,0.0,0.0,2410,2368,42,2368,126,2494
19,digits,8,modular,Z/5^10Z,5.0,10.0,9765625.0,,23.219280948873624,24,0.9866666666666667,0.9866666666666667,0.0,0.9977777777777778,0.15309664546547053,0.0,0,18900,27386,1.1366500053554773,1065600,1065600,0.0,0.0,2410,2368,42,2368,126,2494
19,digits,8,rns,RNS,,,16777207.0,4093x4099,23.999999226077865,25,0.9866666666666667,0.9866666666666667,0.0,0.9977777777777778,0.15309664546547053,0.0,0,18900,27386,2.954600006341934,1065600,2131200,0.0,0.0,2410,2368,42,2368,132,2500
31,moons,4,wide,integer-wide-accumulator,,,,,,32,0.944,0.958,-0.014000000000000012,0.97,0.67030395075056,0.0,0,17000,100,0.8375831879675388,160000,160000,0.0037058823529411765,0.0,354,320,34,160,136,296
31,moons,4,modular,Z/2^8Z,2.0,8.0,256.0,,8.0,8,0.944,0.958,-0.014000000000000012,0.97,0.67030395075056,0.0,0,17000,100,0.3845999948680401,160000,160000,0.0037058823529411765,0.0,354,320,34,160,34,194
31,moons,4,modular,Z/3^5Z,3.0,5.0,243.0,,7.924812503605781,8,0.944,0.958,-0.014000000000000012,0.97,0.67030395075056,0.0,0,17000,100,0.5375834181904793,160000,160000,0.0037058823529411765,0.0,354,320,34,160,34,194
31,moons,4,modular,Z/5^3Z,5.0,3.0,125.0,,6.965784284662087,7,0.82,0.958,-0.138,0.846,1.8304959414914863,0.011764705882352941,200,17000,88,0.42070839554071426,160000,160000,0.0025882352941176473,0.0,354,320,34,160,30,190
31,moons,4,rns,RNS,,,253.0,11x23,7.98299357469431,9,0.944,0.958,-0.014000000000000012,0.97,0.67030395075056,0.0,0,17000,100,1.3055833987891674,160000,320000,0.0037058823529411765,0.0,354,320,34,160,39,199
31,moons,4,modular,Z/2^12Z,2.0,12.0,4096.0,,12.0,12,0.944,0.958,-0.014000000000000012,0.97,0.67030395075056,0.0,0,17000,100,0.6586584262549877,160000,160000,0.0037058823529411765,0.0,354,320,34,160,51,211
31,moons,4,modular,Z/3^7Z,3.0,7.0,2187.0,,11.094737505048093,12,0.944,0.958,-0.014000000000000012,0.97,0.67030395075056,0.0,0,17000,100,0.5777250044047832,160000,160000,0.0037058823529411765,0.0,354,320,34,160,51,211
31,moons,4,modular,Z/5^5Z,5.0,5.0,3125.0,,11.609640474436812,12,0.944,0.958,-0.014000000000000012,0.97,0.67030395075056,0.0,0,17000,100,0.5529999732971191,160000,160000,0.0037058823529411765,0.0,354,320,34,160,51,211
31,moons,4,rns,RNS,,,4087.0,61x67,11.996826528020659,13,0.944,0.958,-0.014000000000000012,0.97,0.67030395075056,0.0,0,17000,100,1.5085999853909016,160000,320000,0.0037058823529411765,0.0,354,320,34,160,56,216
31,moons,4,modular,Z/2^16Z,2.0,16.0,65536.0,,16.0,16,0.944,0.958,-0.014000000000000012,0.97,0.67030395075056,0.0,0,17000,100,0.43368320912122726,160000,160000,0.0037058823529411765,0.0,354,320,34,160,68,228
31,moons,4,modular,Z/3^10Z,3.0,10.0,59049.0,,15.849625007211563,16,0.944,0.958,-0.014000000000000012,0.97,0.67030395075056,0.0,0,17000,100,0.44815000146627426,160000,160000,0.0037058823529411765,0.0,354,320,34,160,68,228
31,moons,4,modular,Z/5^6Z,5.0,6.0,15625.0,,13.931568569324174,14,0.944,0.958,-0.014000000000000012,0.97,0.67030395075056,0.0,0,17000,100,0.3798750229179859,160000,160000,0.0037058823529411765,0.0,354,320,34,160,60,220
31,moons,4,rns,RNS,,,64507.0,251x257,15.97716810314465,17,0.944,0.958,-0.014000000000000012,0.97,0.67030395075056,0.0,0,17000,100,1.057575037702918,160000,320000,0.0037058823529411765,0.0,354,320,34,160,73,233
31,moons,4,modular,Z/2^18Z,2.0,18.0,262144.0,,18.0,18,0.944,0.958,-0.014000000000000012,0.97,0.67030395075056,0.0,0,17000,100,0.37110820412635803,160000,160000,0.0037058823529411765,0.0,354,320,34,160,77,237
31,moons,4,modular,Z/3^11Z,3.0,11.0,177147.0,,17.43458750793272,18,0.944,0.958,-0.014000000000000012,0.97,0.67030395075056,0.0,0,17000,100,0.47340821474790573,160000,160000,0.0037058823529411765,0.0,354,320,34,160,77,237
31,moons,4,modular,Z/5^7Z,5.0,7.0,78125.0,,16.253496664211536,17,0.944,0.958,-0.014000000000000012,0.97,0.67030395075056,0.0,0,17000,100,0.5148999858647585,160000,160000,0.0037058823529411765,0.0,354,320,34,160,73,233
31,moons,4,rns,RNS,,,256027.0,503x509,17.965936435881222,18,0.944,0.958,-0.014000000000000012,0.97,0.67030395075056,0.0,0,17000,100,0.8371831849217415,160000,320000,0.0037058823529411765,0.0,354,320,34,160,77,237
31,moons,4,modular,Z/2^24Z,2.0,24.0,16777216.0,,24.0,24,0.944,0.958,-0.014000000000000012,0.97,0.67030395075056,0.0,0,17000,100,0.5355999805033207,160000,160000,0.0037058823529411765,0.0,354,320,34,160,102,262
31,moons,4,modular,Z/3^15Z,3.0,15.0,14348907.0,,23.774437510817343,24,0.944,0.958,-0.014000000000000012,0.97,0.67030395075056,0.0,0,17000,100,0.4540749825537205,160000,160000,0.0037058823529411765,0.0,354,320,34,160,102,262
31,moons,4,modular,Z/5^10Z,5.0,10.0,9765625.0,,23.219280948873624,24,0.944,0.958,-0.014000000000000012,0.97,0.67030395075056,0.0,0,17000,100,0.594733189791441,160000,160000,0.0037058823529411765,0.0,354,320,34,160,102,262
31,moons,4,rns,RNS,,,16777207.0,4093x4099,23.999999226077865,25,0.944,0.958,-0.014000000000000012,0.97,0.67030395075056,0.0,0,17000,100,1.0026083793491125,160000,320000,0.0037058823529411765,0.0,354,320,34,160,107,267
31,moons,8,wide,integer-wide-accumulator,,,,,,32,0.954,0.958,-0.0040000000000000036,0.996,0.053720860645570225,0.0,0,17000,27399,0.2542249858379364,160000,160000,0.00035294117647058826,0.0,354,320,34,320,136,456
31,moons,8,modular,Z/2^8Z,2.0,8.0,256.0,,8.0,8,0.508,0.958,-0.44999999999999996,0.502,3.166711201628377,0.9030588235294118,15352,17000,17121,0.43160817585885525,160000,160000,5.882352941176471e-05,0.0,354,320,34,320,34,354
31,moons,8,modular,Z/3^5Z,3.0,5.0,243.0,,7.924812503605781,8,0.476,0.958,-0.482,0.482,3.168751014308761,0.905,15385,17000,17121,0.4261082038283348,160000,160000,5.882352941176471e-05,0.0,354,320,34,320,34,354
31,moons,8,modular,Z/5^3Z,5.0,3.0,125.0,,6.965784284662087,7,0.5,0.958,-0.45799999999999996,0.498,3.1670265873258976,0.9365294117647058,15921,17000,17121,0.2936083823442459,160000,160000,5.882352941176471e-05,0.0,354,320,34,320,30,350
31,moons,8,rns,RNS,,,253.0,11x23,7.98299357469431,9,0.51,0.958,-0.44799999999999995,0.508,3.166939376978073,0.9030588235294118,15352,17000,17121,1.1932999826967716,160000,320000,5.882352941176471e-05,0.0,354,320,34,320,39,359
31,moons,8,modular,Z/2^12Z,2.0,12.0,4096.0,,12.0,12,0.496,0.958,-0.46199999999999997,0.498,3.1638932510168125,0.3985294117647059,6775,17000,17121,0.45877499505877495,160000,160000,5.882352941176471e-05,0.0,354,320,34,320,51,371
31,moons,8,modular,Z/3^7Z,3.0,7.0,2187.0,,11.094737505048093,12,0.492,0.958,-0.46599999999999997,0.51,3.165530605927137,0.5471176470588235,9301,17000,17121,0.3536665812134743,160000,160000,5.882352941176471e-05,0.0,354,320,34,320,51,371
31,moons,8,modular,Z/5^5Z,5.0,5.0,3125.0,,11.609640474436812,12,0.472,0.958,-0.486,0.474,3.18889443266123,0.4497058823529412,7645,17000,17121,0.4140332341194153,160000,160000,5.882352941176471e-05,0.0,354,320,34,320,51,371
31,moons,8,rns,RNS,,,4087.0,61x67,11.996826528020659,13,0.496,0.958,-0.46199999999999997,0.502,3.1589076000684426,0.39858823529411763,6776,17000,17121,1.026991568505764,160000,320000,5.882352941176471e-05,0.0,354,320,34,320,56,376
31,moons,8,modular,Z/2^16Z,2.0,16.0,65536.0,,16.0,16,0.954,0.958,-0.0040000000000000036,0.996,0.053720860645570225,0.0,0,17000,27399,0.4761083982884884,160000,160000,0.00035294117647058826,0.0,354,320,34,320,68,388
31,moons,8,modular,Z/3^10Z,3.0,10.0,59049.0,,15.849625007211563,16,0.954,0.958,-0.0040000000000000036,0.996,0.053720860645570225,0.0,0,17000,27399,0.574108399450779,160000,160000,0.00035294117647058826,0.0,354,320,34,320,68,388
31,moons,8,modular,Z/5^6Z,5.0,6.0,15625.0,,13.931568569324174,14,0.62,0.958,-0.33799999999999997,0.638,2.855578413762174,0.08952941176470589,1522,17000,21200,0.6002915557473898,160000,160000,5.882352941176471e-05,0.0,354,320,34,320,60,380
31,moons,8,rns,RNS,,,64507.0,251x257,15.97716810314465,17,0.954,0.958,-0.0040000000000000036,0.996,0.053720860645570225,0.0,0,17000,27399,0.7572418078780174,160000,320000,0.00035294117647058826,0.0,354,320,34,320,73,393
31,moons,8,modular,Z/2^18Z,2.0,18.0,262144.0,,18.0,18,0.954,0.958,-0.0040000000000000036,0.996,0.053720860645570225,0.0,0,17000,27399,0.2916918136179447,160000,160000,0.00035294117647058826,0.0,354,320,34,320,77,397
31,moons,8,modular,Z/3^11Z,3.0,11.0,177147.0,,17.43458750793272,18,0.954,0.958,-0.0040000000000000036,0.996,0.053720860645570225,0.0,0,17000,27399,0.2888999879360199,160000,160000,0.00035294117647058826,0.0,354,320,34,320,77,397
31,moons,8,modular,Z/5^7Z,5.0,7.0,78125.0,,16.253496664211536,17,0.954,0.958,-0.0040000000000000036,0.996,0.053720860645570225,0.0,0,17000,27399,0.29044998809695244,160000,160000,0.00035294117647058826,0.0,354,320,34,320,73,393
31,moons,8,rns,RNS,,,256027.0,503x509,17.965936435881222,18,0.954,0.958,-0.0040000000000000036,0.996,0.053720860645570225,0.0,0,17000,27399,0.7617084309458733,160000,320000,0.00035294117647058826,0.0,354,320,34,320,77,397
31,moons,8,modular,Z/2^24Z,2.0,24.0,16777216.0,,24.0,24,0.954,0.958,-0.0040000000000000036,0.996,0.053720860645570225,0.0,0,17000,27399,0.38989163003861904,160000,160000,0.00035294117647058826,0.0,354,320,34,320,102,422
31,moons,8,modular,Z/3^15Z,3.0,15.0,14348907.0,,23.774437510817343,24,0.954,0.958,-0.0040000000000000036,0.996,0.053720860645570225,0.0,0,17000,27399,0.3263500053435564,160000,160000,0.00035294117647058826,0.0,354,320,34,320,102,422
31,moons,8,modular,Z/5^10Z,5.0,10.0,9765625.0,,23.219280948873624,24,0.954,0.958,-0.0040000000000000036,0.996,0.053720860645570225,0.0,0,17000,27399,0.5256500095129013,160000,160000,0.00035294117647058826,0.0,354,320,34,320,102,422
31,moons,8,rns,RNS,,,16777207.0,4093x4099,23.999999226077865,25,0.954,0.958,-0.0040000000000000036,0.996,0.053720860645570225,0.0,0,17000,27399,0.8184416219592094,160000,320000,0.00035294117647058826,0.0,354,320,34,320,107,427
31,digits,4,wide,integer-wide-accumulator,,,,,,32,0.96,0.9644444444444444,-0.004444444444444473,0.9711111111111111,0.6824546681788165,0.0,0,18900,233,1.679375022649765,1065600,1065600,0.0024305555555555556,0.0,2410,2368,42,1184,168,1352
31,digits,4,modular,Z/2^8Z,2.0,8.0,256.0,,8.0,8,0.7955555555555556,0.9644444444444444,-0.16888888888888887,0.8066666666666666,1.3494965999846291,0.007619047619047619,144,18900,233,1.0883584152907133,1065600,1065600,0.002199074074074074,0.0,2410,2368,42,1184,42,1226
31,digits,4,modular,Z/3^5Z,3.0,5.0,243.0,,7.924812503605781,8,0.7377777777777778,0.9644444444444444,-0.22666666666666668,0.7466666666666667,1.6243437781930583,0.011375661375661376,215,18900,233,0.9811165742576122,1065600,1065600,0.0021296296296296298,0.0,2410,2368,42,1184,42,1226
31,digits,4,modular,Z/5^3Z,5.0,3.0,125.0,,6.965784284662087,7,0.29555555555555557,0.9644444444444444,-0.6688888888888889,0.29333333333333333,4.352576985070726,0.14275132275132274,2698,18900,233,1.2656583916395903,1065600,1065600,0.0010648148148148149,0.0,2410,2368,42,1184,37,1221
31,digits,4,rns,RNS,,,253.0,11x23,7.98299357469431,9,0.78,0.9644444444444444,-0.1844444444444444,0.7888888888888889,1.4191003010001018,0.008571428571428572,162,18900,233,3.2603584229946136,1065600,2131200,0.0022685185185185187,0.0,2410,2368,42,1184,48,1232
31,digits,4,modular,Z/2^12Z,2.0,12.0,4096.0,,12.0,12,0.96,0.9644444444444444,-0.004444444444444473,0.9711111111111111,0.6824546681788165,0.0,0,18900,233,1.0499333962798119,1065600,1065600,0.0024305555555555556,0.0,2410,2368,42,1184,63,1247
31,digits,4,modular,Z/3^7Z,3.0,7.0,2187.0,,11.094737505048093,12,0.96,0.9644444444444444,-0.004444444444444473,0.9711111111111111,0.6824546681788165,0.0,0,18900,233,0.9517500177025795,1065600,1065600,0.0024305555555555556,0.0,2410,2368,42,1184,63,1247
31,digits,4,modular,Z/5^5Z,5.0,5.0,3125.0,,11.609640474436812,12,0.96,0.9644444444444444,-0.004444444444444473,0.9711111111111111,0.6824546681788165,0.0,0,18900,233,0.9670583996921778,1065600,1065600,0.0024305555555555556,0.0,2410,2368,42,1184,63,1247
31,digits,4,rns,RNS,,,4087.0,61x67,11.996826528020659,13,0.96,0.9644444444444444,-0.004444444444444473,0.9711111111111111,0.6824546681788165,0.0,0,18900,233,2.6479499880224466,1065600,2131200,0.0024305555555555556,0.0,2410,2368,42,1184,69,1253
31,digits,4,modular,Z/2^16Z,2.0,16.0,65536.0,,16.0,16,0.96,0.9644444444444444,-0.004444444444444473,0.9711111111111111,0.6824546681788165,0.0,0,18900,233,1.3544916175305843,1065600,1065600,0.0024305555555555556,0.0,2410,2368,42,1184,84,1268
31,digits,4,modular,Z/3^10Z,3.0,10.0,59049.0,,15.849625007211563,16,0.96,0.9644444444444444,-0.004444444444444473,0.9711111111111111,0.6824546681788165,0.0,0,18900,233,1.4036000240594149,1065600,1065600,0.0024305555555555556,0.0,2410,2368,42,1184,84,1268
31,digits,4,modular,Z/5^6Z,5.0,6.0,15625.0,,13.931568569324174,14,0.96,0.9644444444444444,-0.004444444444444473,0.9711111111111111,0.6824546681788165,0.0,0,18900,233,1.256149960681796,1065600,1065600,0.0024305555555555556,0.0,2410,2368,42,1184,74,1258
31,digits,4,rns,RNS,,,64507.0,251x257,15.97716810314465,17,0.96,0.9644444444444444,-0.004444444444444473,0.9711111111111111,0.6824546681788165,0.0,0,18900,233,3.5809750203043222,1065600,2131200,0.0024305555555555556,0.0,2410,2368,42,1184,90,1274
31,digits,4,modular,Z/2^18Z,2.0,18.0,262144.0,,18.0,18,0.96,0.9644444444444444,-0.004444444444444473,0.9711111111111111,0.6824546681788165,0.0,0,18900,233,1.1089833918958902,1065600,1065600,0.0024305555555555556,0.0,2410,2368,42,1184,95,1279
31,digits,4,modular,Z/3^11Z,3.0,11.0,177147.0,,17.43458750793272,18,0.96,0.9644444444444444,-0.004444444444444473,0.9711111111111111,0.6824546681788165,0.0,0,18900,233,0.9769000113010406,1065600,1065600,0.0024305555555555556,0.0,2410,2368,42,1184,95,1279
31,digits,4,modular,Z/5^7Z,5.0,7.0,78125.0,,16.253496664211536,17,0.96,0.9644444444444444,-0.004444444444444473,0.9711111111111111,0.6824546681788165,0.0,0,18900,233,0.9666250087320805,1065600,1065600,0.0024305555555555556,0.0,2410,2368,42,1184,90,1274
31,digits,4,rns,RNS,,,256027.0,503x509,17.965936435881222,18,0.96,0.9644444444444444,-0.004444444444444473,0.9711111111111111,0.6824546681788165,0.0,0,18900,233,3.46280001103878,1065600,2131200,0.0024305555555555556,0.0,2410,2368,42,1184,95,1279
31,digits,4,modular,Z/2^24Z,2.0,24.0,16777216.0,,24.0,24,0.96,0.9644444444444444,-0.004444444444444473,0.9711111111111111,0.6824546681788165,0.0,0,18900,233,1.3595750089734793,1065600,1065600,0.0024305555555555556,0.0,2410,2368,42,1184,126,1310
31,digits,4,modular,Z/3^15Z,3.0,15.0,14348907.0,,23.774437510817343,24,0.96,0.9644444444444444,-0.004444444444444473,0.9711111111111111,0.6824546681788165,0.0,0,18900,233,1.166775031015277,1065600,1065600,0.0024305555555555556,0.0,2410,2368,42,1184,126,1310
31,digits,4,modular,Z/5^10Z,5.0,10.0,9765625.0,,23.219280948873624,24,0.96,0.9644444444444444,-0.004444444444444473,0.9711111111111111,0.6824546681788165,0.0,0,18900,233,1.318258373066783,1065600,1065600,0.0024305555555555556,0.0,2410,2368,42,1184,126,1310
31,digits,4,rns,RNS,,,16777207.0,4093x4099,23.999999226077865,25,0.96,0.9644444444444444,-0.004444444444444473,0.9711111111111111,0.6824546681788165,0.0,0,18900,233,3.856416791677475,1065600,2131200,0.0024305555555555556,0.0,2410,2368,42,1184,132,1316
31,digits,8,wide,integer-wide-accumulator,,,,,,32,0.96,0.9644444444444444,-0.004444444444444473,0.9911111111111112,0.1865938183031467,0.0,0,18900,35838,1.0581749957054853,1065600,1065600,2.3148148148148147e-05,0.0,2410,2368,42,2368,168,2536
31,digits,8,modular,Z/2^8Z,2.0,8.0,256.0,,8.0,8,0.09777777777777778,0.9644444444444444,-0.8666666666666667,0.10222222222222223,5.326456029225808,0.9070899470899471,17144,18900,21025,1.4928999822586775,1065600,1065600,2.3148148148148147e-05,0.0,2410,2368,42,2368,42,2410
31,digits,8,modular,Z/3^5Z,3.0,5.0,243.0,,7.924812503605781,8,0.09777777777777778,0.9644444444444444,-0.8666666666666667,0.1,5.327882029834672,0.9102645502645502,17204,18900,21025,1.3860916253179312,1065600,1065600,2.3148148148148147e-05,0.0,2410,2368,42,2368,42,2410
31,digits,8,modular,Z/5^3Z,5.0,3.0,125.0,,6.965784284662087,7,0.11555555555555555,0.9644444444444444,-0.8488888888888889,0.11777777777777777,5.327069466224188,0.944973544973545,17860,18900,21025,1.1569418013095856,1065600,1065600,2.3148148148148147e-05,0.0,2410,2368,42,2368,37,2405
31,digits,8,rns,RNS,,,253.0,11x23,7.98299357469431,9,0.08888888888888889,0.9644444444444444,-0.8755555555555555,0.09111111111111111,5.327686583576618,0.9086243386243387,17173,18900,21025,3.5069917794317007,1065600,2131200,2.3148148148148147e-05,0.0,2410,2368,42,2368,48,2416
31,digits,8,modular,Z/2^12Z,2.0,12.0,4096.0,,12.0,12,0.09777777777777778,0.9644444444444444,-0.8666666666666667,0.09777777777777778,5.330898000584183,0.42894179894179896,8107,18900,21025,1.2533333618193865,1065600,1065600,2.3148148148148147e-05,0.0,2410,2368,42,2368,63,2431
31,digits,8,modular,Z/3^7Z,3.0,7.0,2187.0,,11.094737505048093,12,0.09555555555555556,0.9644444444444444,-0.8688888888888888,0.1,5.3295918387978425,0.6352910052910052,12007,18900,21025,1.2517083901911974,1065600,1065600,2.3148148148148147e-05,0.0,2410,2368,42,2368,63,2431
31,digits,8,modular,Z/5^5Z,5.0,5.0,3125.0,,11.609640474436812,12,0.08888888888888889,0.9644444444444444,-0.8755555555555555,0.09333333333333334,5.331094737039729,0.5255555555555556,9933,18900,21025,1.0528000071644783,1065600,1065600,2.3148148148148147e-05,0.0,2410,2368,42,2368,63,2431
31,digits,8,rns,RNS,,,4087.0,61x67,11.996826528020659,13,0.1,0.9644444444444444,-0.8644444444444445,0.10222222222222223,5.334452337245298,0.4298941798941799,8125,18900,21025,3.1046416144818068,1065600,2131200,2.3148148148148147e-05,0.0,2410,2368,42,2368,69,2437
31,digits,8,modular,Z/2^16Z,2.0,16.0,65536.0,,16.0,16,0.9355555555555556,0.9644444444444444,-0.028888888888888853,0.9666666666666667,0.27621719357272034,0.0007407407407407407,14,18900,35838,1.1902750004082918,1065600,1065600,2.3148148148148147e-05,0.0,2410,2368,42,2368,84,2452
31,digits,8,modular,Z/3^10Z,3.0,10.0,59049.0,,15.849625007211563,16,0.8511111111111112,0.9644444444444444,-0.11333333333333329,0.88,0.5726667722196999,0.003544973544973545,67,18900,35838,1.326249958947301,1065600,1065600,2.3148148148148147e-05,0.0,2410,2368,42,2368,84,2452
31,digits,8,modular,Z/5^6Z,5.0,6.0,15625.0,,13.931568569324174,14,0.13111111111111112,0.9644444444444444,-0.8333333333333333,0.12222222222222222,5.198424945345011,0.15873015873015872,3000,18900,41228,1.3523331843316555,1065600,1065600,4.6296296296296294e-05,0.0,2410,2368,42,2368,74,2442
31,digits,8,rns,RNS,,,64507.0,251x257,15.97716810314465,17,0.9333333333333333,0.9644444444444444,-0.03111111111111109,0.9644444444444444,0.2811121170551947,0.0007936507936507937,15,18900,35838,4.649633402004838,1065600,2131200,2.3148148148148147e-05,0.0,2410,2368,42,2368,90,2458
31,digits,8,modular,Z/2^18Z,2.0,18.0,262144.0,,18.0,18,0.96,0.9644444444444444,-0.004444444444444473,0.9911111111111112,0.1865938183031467,0.0,0,18900,35838,1.600933214649558,1065600,1065600,2.3148148148148147e-05,0.0,2410,2368,42,2368,95,2463
31,digits,8,modular,Z/3^11Z,3.0,11.0,177147.0,,17.43458750793272,18,0.96,0.9644444444444444,-0.004444444444444473,0.9911111111111112,0.1865938183031467,0.0,0,18900,35838,1.8019918352365494,1065600,1065600,2.3148148148148147e-05,0.0,2410,2368,42,2368,95,2463
31,digits,8,modular,Z/5^7Z,5.0,7.0,78125.0,,16.253496664211536,17,0.96,0.9644444444444444,-0.004444444444444473,0.9911111111111112,0.1865938183031467,0.0,0,18900,35838,1.5868749935179949,1065600,1065600,2.3148148148148147e-05,0.0,2410,2368,42,2368,90,2458
31,digits,8,rns,RNS,,,256027.0,503x509,17.965936435881222,18,0.96,0.9644444444444444,-0.004444444444444473,0.9911111111111112,0.1865938183031467,0.0,0,18900,35838,4.08601681701839,1065600,2131200,2.3148148148148147e-05,0.0,2410,2368,42,2368,95,2463
31,digits,8,modular,Z/2^24Z,2.0,24.0,16777216.0,,24.0,24,0.96,0.9644444444444444,-0.004444444444444473,0.9911111111111112,0.1865938183031467,0.0,0,18900,35838,1.3353084214031696,1065600,1065600,2.3148148148148147e-05,0.0,2410,2368,42,2368,126,2494
31,digits,8,modular,Z/3^15Z,3.0,15.0,14348907.0,,23.774437510817343,24,0.96,0.9644444444444444,-0.004444444444444473,0.9911111111111112,0.1865938183031467,0.0,0,18900,35838,1.3775583822280169,1065600,1065600,2.3148148148148147e-05,0.0,2410,2368,42,2368,126,2494
31,digits,8,modular,Z/5^10Z,5.0,10.0,9765625.0,,23.219280948873624,24,0.96,0.9644444444444444,-0.004444444444444473,0.9911111111111112,0.1865938183031467,0.0,0,18900,35838,1.223574997857213,1065600,1065600,2.3148148148148147e-05,0.0,2410,2368,42,2368,126,2494
31,digits,8,rns,RNS,,,16777207.0,4093x4099,23.999999226077865,25,0.96,0.9644444444444444,-0.004444444444444473,0.9911111111111112,0.1865938183031467,0.0,0,18900,35838,4.1314249858260155,1065600,2131200,2.3148148148148147e-05,0.0,2410,2368,42,2368,132,2500
